Partner Company Name,#Contacts
Customer First Communications,20803
Elite Telecom Solutions,18095
Profit Advisory Group,11002
26 Connect,9362
Enterprise Telecom Partners,8674
Consult IP,6438
Apex Data,5202
"Telco Data, Inc.",5193
US Network,5128
Nextiva,5025
Nextiva Central Inside,4685
Creative Carrier Solutions,3868
Abadi Group,3732
Taokym Business Solutions,3556
"SolutionOne Consulting, Inc.",3359
MALA Technology Advisors,3229
NetWolves,3066
Central Office Systems,2787
Rescue Communications,2780
Corporate Technologies Group (CTG),2689
WideNet Outfitters LLC,2640
Linx Solutions Inc. ,2571
Northwest Technologies Group,2551
"Small Biz Communication Services, LLC",2499
"Comtech, Inc",2389
"Digital Voice Solutions, LLC",2374
NETIT,2257
Digital Voice Solutions,2118
PremCom Corporation,2051
Ringtelligent,1951
OpenCom,1830
Utility Telecom,1721
"Foretel Solutions, Inc.",1716
Perennial Communications,1700
Intelenet Consulting LLC,1671
MBS Secure,1671
Nextiva-Northeast ,1573
Computer Age Electronics,1442
VodaWize Communications,1425
Layer One Networks,1417
Tech Advisors,1318
Symmetry Associates,1221
Nextiva West,1188
YourITgroup,1184
EP-Pro,1173
Grand Rapids Tech,1132
"Emergent Business Technologies, LLC.",1124
Converged Network Services Group,1081
Tec-Tel Communications,1076
Ring2Cloud Technologies llc,1046
Flair Data Systems,1046
ClearConnect,1021
UpFront Technologies,984
"Core Connections, Inc.",954
1 Touch Communications,951
NCC Data,939
Sound Incorporated,929
VoIP Supply,918
MC Austin,886
Advanced Technology & Consulting,876
IBA,867
NetFabric IT Solutions,812
Hill Country Network Consulting,804
"Light Networks, LLC",787
"Cloud Emergence, LLC",746
TMP Business Solutions,737
Epitome Networks,733
TelDesigns,721
TRACI.net,709
"Carrier Dynamics, Inc.",702
Communications Consultants of Colorado,685
Naka Technologies,665
Telarus,646
"TBI, Inc.",626
360IT Partners,623
1 Call Telecom,610
TelecomMedic,595
Coretechs,546
Data Management Services,543
GCN Solutions,534
Communication Management Partners,531
"Mikrodots, Inc.",521
"In Sync Systems, Inc",512
"Nextiva, inc",505
"Entel Systems, Inc.",505
m.five networking,501
Fusion Communications,487
"Jetson Automation, Inc.",480
Broadband Consultants,475
Buckeye Telecom Inc.,454
"Southern Technologies of America, Inc.",436
Jett Enterprises,432
WorkSmart,421
Telosan,412
Ninety-Nine 90 CommunicationsÂ®,412
"Advanced Office Solutions, Inc.",386
CSG Affiliates,359
TaffTel Consulting LLC,352
"Hubco Communications, Inc.",352
Accounteks IT Consulting,349
Nextiva - NE,342
A1 BizCom,325
Nextiva Central,322
Computers Nationwide,319
Central PDM,316
"Telecom Recovery Group, Inc.",313
Metadata Engineering LLC,308
"Elite Networks, Inc.",307
Nextiva S. Florida,274
Nextiva Inc,271
Streamline Communications,262
Soteria,253
USA Voice & Data,251
Tech Team Nation,247
"Netstar, Inc.",242
Nextiva Inc.,233
Go2 Communications,232
Four C's Communications,229
BrainCloud,215
Versutia Solutions,210
MTCI,206
CSN Telecommunications,200
Livtech,187
Nextiva Lobosco,187
Mac IT Solutions,181
"P2 Communications Management, LLC",179
Zeta Sky,172
Nextiva South East Region,170
Communication South,167
Nextiva IL WI MN,166
Teleconnect Inc,161
Shelby Technology Solutions,159
Jeremy Benes,158
Optiwave Communications,157
Secure Tech Solutions Inc.,154
Bayou Technologies,153
Cloud Romeo,153
iT1,150
DB Communication Solutions,147
Complete Computers,147
"Black Fox Technology, Inc",142
D&H Distributing - Andrew,142
Advanced Technology Consulting (ATC),141
"Covenant Technology, LLC",133
helm partners,132
"JTA Group, LLC",128
Tom Alter,128
Unique IT Pro,126
Herrington Technology,122
Third Wave Data,120
"NorthEast Computer Services, LLC",119
CrossRoads Technologies LLC,115
1 Call Telecom - Duluth,113
Nextiva OH,112
Nextiva New England,112
Business Linxs,109
Nextiva NorthEast,102
The Computer Guy,100
Channel Manager- Nextiva OH KY MI,99
"Brightworks Group, LLC",97
Nextiva - South Region,92
Reliant Office Systems,90
Webhilo LLC,89
Metro TechSolutions,87
Nextiva TX,85
CloudPro,84
Sandler Partners,80
"Net Voice Now, LLC",78
Good Dog Communications,70
LAN Infotech LLC,70
Accurate Cloud Solutions,67
Cypress Grove Technologies,65
NovaOne Networks,65
Hypernet Telecommunications ,59
TruPoint Communication Solutions,54
Longway Broadband Services,52
TDI Technologies Inc.,47
NextivaNW,44
Prime Line Communications,36
K&B Communications,29
"ENETWORLDWIDE Enterprises, Inc",12
Pretend Telco,10
Netwolf ,9
BD Managed Services,6
"Sample Partner, Inc.",6
BROWN HILLS LOGISTICS,4
Net-Tech Consulting LLC,3
"Cox Telephone Service, Inc.",2
Technology Resource Group LLC,2
"ConnectIT, Inc.",2
Five Star Telecom,1
"Green Field Technologies, Inc. dba AMT Computers",1
"Source Communications, LLC",1
Telecom Consulting Group,1
Test Partner,1
KMS Communications,1
